link;price;;;
https://kaspi.kz/shop/p/lg-f1296cds3-belyi-100359124/?c=750000000;229834;;;
https://kaspi.kz/shop/p/lg-f1296hds0-belyi-100107910/?c=750000000;175857;;;
https://kaspi.kz/shop/p/samsung-ww90t554cax-ld-chernyi-101242832/?c=750000000;348782;;;
https://kaspi.kz/shop/p/samsung-ww80aas22ax-ld-seryi-102908164/?c=750000000;206913;;;
https://kaspi.kz/shop/p/lg-f12b8wds7-belyi-102179979/?c=750000000;156944;;;
https://kaspi.kz/shop/p/vitek-vt-7049-serebristyi-chernyi-6301744/?c=750000000;17596;;;
https://kaspi.kz/shop/p/ava-kg-3209-belyi-103288392/?c=750000000;40225;;;
https://kaspi.kz/shop/p/ava-sl-2088a-sinii-101315715/?c=750000000;10330;;;
https://kaspi.kz/shop/p/ava-sl-2033-chernyi-101314654/?c=750000000;18787;;;
https://kaspi.kz/shop/p/ava-sl-168-sinii-101315655/?c=750000000;13308;;;
https://kaspi.kz/shop/p/hp-15s-fq2050ur-3c7a6ea-serebristyi-101849118/?c=750000000;337978;;;
https://kaspi.kz/shop/p/neo-151g-seryi-101367261/?c=750000000;203393;;;
https://kaspi.kz/shop/p/samsung-qe55qn90aauxce-chernyi-101394419/?c=750000000;635718;;;
https://kaspi.kz/shop/p/samsung-qe65qn85aauxce-chernyi-101394488/?c=750000000;802460;;;
https://kaspi.kz/shop/p/samsung-qe75q60aauxce-191-sm-chernyi-101401373/?c=750000000;659539;;;
https://kaspi.kz/shop/p/samsung-qe75q77aauxce-191-sm-chernyi-101433288/?c=750000000;814370;;;
https://kaspi.kz/shop/p/samsung-qe75qn85aauxce-serebristyi-101461743/?c=750000000;1314595;;;
https://kaspi.kz/shop/p/samsung-ue75au9000uxce-191-sm-chernyi-101496382/?c=750000000;599988;;;
https://kaspi.kz/shop/p/samsung-ue75au8000uxce-191sm-chernyi-101496470/?c=750000000;504707;;;
https://kaspi.kz/shop/p/samsung-the-frame-qe75ls03aauxce-191-sm-chernyi-101585576/?c=750000000;957291;;;
https://kaspi.kz/shop/p/samsung-qe75q80aauxce-191-sm-chernyi-102163580/?c=750000000;1076393;;;
https://kaspi.kz/shop/p/samsung-qe65qn900auxce-chernyi-102724545/?c=750000000;1850550;;;
https://kaspi.kz/shop/p/samsung-qe75qn800auxce-serebristyi-103305999/?c=750000000;1671898;;;
https://kaspi.kz/shop/p/samsung-neo-qe75qn800auxce-190-5-sm-serebristyi-103333554/?c=750000000;1671898;;;
https://kaspi.kz/shop/p/samsung-the-frame-qe65ls03rau-165-sm-chernyi-1802066/?c=750000000;659539;;;
https://kaspi.kz/shop/p/ava-technologies-actn-09bf-103842049/?c=750000000;135506;;;
https://kaspi.kz/shop/p/ava-technologies-actn-07bf-103842199/?c=750000000;123596;;;
https://kaspi.kz/shop/p/ava-technologies-actn-12bf-103842274/?c=750000000;171236;;;
https://kaspi.kz/shop/p/ava-technologies-actn-24bf-103973701/?c=750000000;296292;;;
https://kaspi.kz/shop/p/beko-bbfda-070-belyi-104064142/?c=750000000;165281;;;
https://kaspi.kz/shop/p/ava-technologies-aft-48la-belyi-montazhnyi-komplekt-4201289/?c=750000000;909663;;;
https://kaspi.kz/shop/p/ava-technologies-aft-60la-belyi-montazhnyi-komplekt-4201290/?c=750000000;1028645;;;
https://kaspi.kz/shop/p/adata-premier-pro-micro-sdxc-512gb-100934757/?c=750000000;49839;;;
https://kaspi.kz/shop/p/kitfort-kt-2403-chernyi-2702573/?c=750000000;106311;;;
https://kaspi.kz/shop/p/samsung-evo-plus-mb-mc512ha-ru-512gb-100754112/?c=750000000;57331;;;
https://kaspi.kz/shop/p/almacom-ach-12af-belyi-mednaja-installjatsija-101752383/?c=750000000;195215;;;
https://kaspi.kz/shop/p/almacom-favorite-ach-12af-belyi-101515687/?c=750000000;195215;;;
https://kaspi.kz/shop/p/almacom-ach-12af-belyi-4200760/?c=750000000;195215;;;
https://kaspi.kz/shop/p/almacom-ach-09-belyi-102371856/?c=750000000;163429;;;
https://kaspi.kz/shop/p/otex-owm-18rp-belyi-montazhnyi-komplekt-4200261/?c=750000000;246808;;;
https://kaspi.kz/shop/p/almacom-acf-60hm-belyi-4200947/?c=750000000;917789;;;
https://kaspi.kz/shop/p/almacom-acf-60hm-belyi-4200227/?c=750000000;917789;;;
https://kaspi.kz/shop/p/almacom-acc-48ha-seryi-104061141/?c=750000000;780531;;;
https://kaspi.kz/shop/p/almacom-acf-48ha-103961655/?c=750000000;801647;;;
https://kaspi.kz/shop/p/otex-owm-24rp-belyi-montazhnyi-komplekt-4200255/?c=750000000;338137;;;
https://kaspi.kz/shop/p/almacom-acf-36ha-belyi-4200237/?c=750000000;633242;;;
https://kaspi.kz/shop/p/almacom-acf-60ha-belyi-4200231/?c=750000000;913565;;;
https://kaspi.kz/shop/p/almacom-acc-60hm-belyi-4200480/?c=750000000;952103;;;
https://kaspi.kz/shop/p/almacom-acc-48hm-belyi-4200479/?c=750000000;946824;;;
https://kaspi.kz/shop/p/almacom-acf-18hm-belyi-101012381/?c=750000000;347640;;;
https://kaspi.kz/shop/p/almacom-acf-24ha-belyi-4200235/?c=750000000;471700;;;
https://kaspi.kz/shop/p/almacom-acc-24hm-belyi-4200630/?c=750000000;474339;;;
https://kaspi.kz/shop/p/almacom-acp-80n-belyi-4200898/?c=750000000;1799936;;;
https://kaspi.kz/shop/p/almacom-acf-18hm-belyi-4200233/?c=750000000;347640;;;
https://kaspi.kz/shop/p/almacom-lux-chanel-ach-24lc-belyi-montazhnyi-komplekt-4200692/?c=750000000;420477;;;
https://kaspi.kz/shop/p/almacom-ach-18lc-belyi-100305653/?c=750000000;306705;;;
https://kaspi.kz/shop/p/almacom-ach-18g-zolotistyi-4200703/?c=750000000;299620;;;
https://kaspi.kz/shop/p/almacom-lux-chanel-ach-12lc-belyi-montazhnyi-komplekt-4200642/?c=750000000;208930;;;
https://kaspi.kz/shop/p/almacom-lux-chanel-ach-12lc-belyi-4200972/?c=750000000;208930;;;
https://kaspi.kz/shop/p/almacom-ach-18g-zolotistyi-montazhnyi-komplekt-4200441/?c=750000000;299620;;;
https://kaspi.kz/shop/p/lg-ac-18bq-seryi-101852791/?c=750000000;479619;;;
https://kaspi.kz/shop/p/lg-ac-18bq-r32-chernyi-101907447/?c=750000000;479619;;;
https://kaspi.kz/shop/p/almacom-ach-12af-belyi-montazhnyi-komplekt-4200714/?c=750000000;195215;;;
https://kaspi.kz/shop/p/almacom-acp-60a-belyi-4200282/?c=750000000;1026539;;;
https://kaspi.kz/shop/p/almacom-acp-24ar-belyi-4200948/?c=750000000;1049251;;;
https://kaspi.kz/shop/p/almacom-acp-48a-belyi-montazhnyi-komplekt-4200174/?c=750000000;921484;;;
https://kaspi.kz/shop/p/almacom-acp-48a-belyi-mednaja-installjatsija-4201143/?c=750000000;921484;;;
https://kaspi.kz/shop/p/almacom-acp-60ae-belyi-101516116/?c=750000000;1026539;;;
https://kaspi.kz/shop/p/almacom-asr-24lw-belyi-4200816/?c=750000000;579923;;;
https://kaspi.kz/shop/p/almacom-acp-48a-belyi-4200691/?c=750000000;921484;;;
https://kaspi.kz/shop/p/almacom-acp-36a-belyi-montazhnyi-komplekt-4200696/?c=750000000;596816;;;
https://kaspi.kz/shop/p/almacom-acp-36a-belyi-4200485/?c=750000000;596816;;;
https://kaspi.kz/shop/p/almacom-asr-24lw-belyi-mednaja-installjatsija-4201141/?c=750000000;579923;;;
https://kaspi.kz/shop/p/almacom-acp-36a-belyi-mednaja-installjatsija-4201142/?c=750000000;596816;;;
https://kaspi.kz/shop/p/almacom-asn-24ar-belyi-montazhnyi-komplekt-4201022/?c=750000000;360267;;;
https://kaspi.kz/shop/p/almacom-luxury-comfort-new-ach-24lc-seryi-101515951/?c=750000000;420477;;;
https://kaspi.kz/shop/p/almacom-acp-24lw-belyi-101516169/?c=750000000;579923;;;
https://kaspi.kz/shop/p/almacom-acp-24ae-belyi-101516130/?c=750000000;467476;;;
https://kaspi.kz/shop/p/almacom-lux-chanel-ach-18lc-belyi-montazhnyi-komplekt-4200643/?c=750000000;306705;;;
https://kaspi.kz/shop/p/almacom-asn-24ar-belyi-4200807/?c=750000000;360267;;;
https://kaspi.kz/shop/p/almacom-ach-24as-montazhnyi-komplekt-103920575/?c=750000000;375091;;;
https://kaspi.kz/shop/p/almacom-ach-18g-zolotistyi-montazhnyi-komplekt-101215208/?c=750000000;299620;;;
https://kaspi.kz/shop/p/almacom-ach-24i-belyi-4200755/?c=750000000;412045;;;
https://kaspi.kz/shop/p/almacom-luxury-comfort-new-ach-18lc-seryi-101515944/?c=750000000;306705;;;
https://kaspi.kz/shop/p/almacom-asn-18ar-belyi-montazhnyi-komplekt-4200936/?c=750000000;262962;;;
https://kaspi.kz/shop/p/almacom-ach-24af-belyi-mednaja-installjatsija-101752425/?c=750000000;389915;;;
https://kaspi.kz/shop/p/almacom-luxury-comfort-ach-18lc-chernyi-102593337/?c=750000000;306705;;;
https://kaspi.kz/shop/p/almacom-inverter-diamond-ach-24id-belyi-montazh-installjatsii-101752775/?c=750000000;412045;;;
https://kaspi.kz/shop/p/almacom-favorite-ach-24af-belyi-101515654/?c=750000000;389915;;;
https://kaspi.kz/shop/p/almacom-ach-24lc-chernyi-100305547/?c=750000000;420477;;;
https://kaspi.kz/shop/p/almacom-ach-18as-belyi-4201093/?c=750000000;273731;;;
https://kaspi.kz/shop/p/almacom-regular-ach-24ar-belyi-101516008/?c=750000000;360385;;;
https://kaspi.kz/shop/p/almacom-ach-18as-belyi-mednaja-installjatsija-4201139/?c=750000000;273731;;;
https://kaspi.kz/shop/p/almacom-ach-18as-standart-belyi-mednaja-installjatsija-101752285/?c=750000000;273731;;;
https://kaspi.kz/shop/p/almacom-asn-18ar-belyi-4200806/?c=750000000;262962;;;
https://kaspi.kz/shop/p/almacom-ach-24i-belyi-montazhnyi-komplekt-4200756/?c=750000000;412045;;;
https://kaspi.kz/shop/p/almacom-ach-12id-belyi-mednaja-installjatsija-4201180/?c=750000000;253054;;;
https://kaspi.kz/shop/p/almacom-ach-24as-belyi-mednaja-installjatsija-4201140/?c=750000000;375091;;;
https://kaspi.kz/shop/p/almacom-luxury-comfort-new-ach-12lc-seryi-101515939/?c=750000000;208930;;;
https://kaspi.kz/shop/p/almacom-luxury-comfort-new-ach-12lc-seryi-101515939/?c=750000000;208930;;;
https://kaspi.kz/shop/p/almacom-luxury-comfort-ach-18lc-chernyi-mednaja-installjatsija-101745203/?c=750000000;306705;;;
https://kaspi.kz/shop/p/almacom-ach-18id-belyi-4201184/?c=750000000;325969;;;
https://kaspi.kz/shop/p/almacom-ach-18g-2016-zolotistyi-4200974/?c=750000000;299620;;;
https://kaspi.kz/shop/p/samsung-ac120jnmn4deh-af-belyi-101183988/?c=750000000;1172445;;;
https://kaspi.kz/shop/p/samsung-ac120jn4deh-af-belyi-101183970/?c=750000000;1172445;;;
https://kaspi.kz/shop/p/almacom-ach-18g-zolotistyi-mednaja-installjatsija-4201135/?c=750000000;299620;;;
https://kaspi.kz/shop/p/almacom-ach-18af-belyi-mednaja-installjatsija-101752404/?c=750000000;284501;;;
https://kaspi.kz/shop/p/almacom-ach-18g-2016-zolotistyi-montazhnyi-komplekt-4200867/?c=750000000;299620;;;
https://kaspi.kz/shop/p/almacom-ach-18lc-chernyi-montazhnyi-komplekt-100354862/?c=750000000;306705;;;
https://kaspi.kz/shop/p/almacom-ach-18g-2017-zolotistyi-mednaja-installjatsija-4201235/?c=750000000;299620;;;
https://kaspi.kz/shop/p/almacom-ach-18af-belyi-4200741/?c=750000000;284501;;;
https://kaspi.kz/shop/p/almacom-inverter-diamond-ach-12id-belyi-101515864/?c=750000000;253054;;;
https://kaspi.kz/shop/p/almacom-favorite-ach-18af-belyi-101515693/?c=750000000;284501;;;
https://kaspi.kz/shop/p/almacom-standart-ach-18as-belyi-101516018/?c=750000000;273731;;;
https://kaspi.kz/shop/p/almacom-ach-18af-belyi-montazhnyi-komplekt-4200742/?c=750000000;284501;;;
https://kaspi.kz/shop/p/almacom-hd-6666w-100625723/?c=750000000;143395;;;
https://kaspi.kz/shop/p/almacom-ach-07g-2016-zolotistyi-4200973/?c=750000000;160161;;;
https://kaspi.kz/shop/p/almacom-ach-18lc-chernyi-100368441/?c=750000000;306705;;;
https://kaspi.kz/shop/p/almacom-hd-6666g-100625711/?c=750000000;146013;;;
https://kaspi.kz/shop/p/almacom-ach-07g-2016-zolotistyi-montazhnyi-komplekt-4200860/?c=750000000;160161;;;
https://kaspi.kz/shop/p/almacom-ach-12hc-belyi-103928803/?c=750000000;204142;;;
https://kaspi.kz/shop/p/almacom-ach-09l-belyi-montazhnyi-komplekt-4200437/?c=750000000;160443;;;
https://kaspi.kz/shop/p/teplovaja-zavesa-almacom-ac-10j-102508856/?c=750000000;118482;;;
https://kaspi.kz/shop/p/lg-up48wc-belyi-101188566/?c=750000000;1609598;;;
https://kaspi.kz/shop/p/almacom-am-12l-belyi-4200757/?c=750000000;209997;;;
https://kaspi.kz/shop/p/almacom-ach-24as-belyi-4201110/?c=750000000;375091;;;
https://kaspi.kz/shop/p/almacom-standart-ach-24as-belyi-101516009/?c=750000000;375091;;;
https://kaspi.kz/shop/p/almacom-ach-09hc-103928838/?c=750000000;177519;;;
https://kaspi.kz/shop/p/almacom-ach-12he-belyi-103928425/?c=750000000;197701;;;
https://kaspi.kz/shop/p/almacom-ach-09af-belyi-mednaja-installjatsija-101752340/?c=750000000;168655;;;
https://kaspi.kz/shop/p/almacom-favorite-ach-09af-belyi-101515663/?c=750000000;168655;;;
https://kaspi.kz/shop/p/almacom-ach-09af-belyi-mednaja-installjatsija-4200779/?c=750000000;168655;;;
https://kaspi.kz/shop/p/almacom-ach-24af-belyi-montazhnyi-komplekt-4200754/?c=750000000;389915;;;
https://kaspi.kz/shop/p/almacom-ach-24af-belyi-4200753/?c=750000000;389915;;;
https://kaspi.kz/shop/p/almacom-luxury-comfort-ach-12lc-chernyi-mednaja-installjatsija-101745070/?c=750000000;208930;;;
https://kaspi.kz/shop/p/almacom-ach-12l-belyi-montazhnyi-komplekt-4200439/?c=750000000;193911;;;
https://kaspi.kz/shop/p/almacom-ach-18as-belyi-montazhnyi-komplekt-101215645/?c=750000000;273731;;;
https://kaspi.kz/shop/p/otex-owm-24rp-belyi-4200799/?c=750000000;338137;;;
https://kaspi.kz/shop/p/almacom-luxury-comfort-ach-12lc-chernyi-102593378/?c=750000000;208930;;;
https://kaspi.kz/shop/p/otex-owm-24rp-belyi-4200302/?c=750000000;338137;;;
https://kaspi.kz/shop/p/otex-owm-09rn-belyi-montazhnyi-komplekt-4200698/?c=750000000;136279;;;
https://kaspi.kz/shop/p/almacom-ach-09af-belyi-montazhnyi-komplekt-4200706/?c=750000000;168655;;;
https://kaspi.kz/shop/p/otex-owm-18rn-belyi-montazhnyi-komplekt-4200699/?c=750000000;229361;;;
https://kaspi.kz/shop/p/almacom-ach-09l-belyi-4200410/?c=750000000;168655;;;
https://kaspi.kz/shop/p/almacom-ach-07g-2017-zolotistyi-mednaja-installjatsija-4201023/?c=750000000;160161;;;
https://kaspi.kz/shop/p/otex-owm-24rn-belyi-4200700/?c=750000000;314117;;;
https://kaspi.kz/shop/p/almacom-ach-12l-belyi-4200702/?c=750000000;198120;;;
https://kaspi.kz/shop/p/almacom-ach-12id-belyi-mednaja-installjatsija-101850020/?c=750000000;253054;;;
https://kaspi.kz/shop/p/almacom-wd-cfo-1af-seryi-100242703/?c=750000000;70484;;;
https://kaspi.kz/shop/p/almacom-wd-cfo-6af-serebristyi-100285933/?c=750000000;71846;;;
https://kaspi.kz/shop/p/almacom-ach-07af-belyi-montazhnyi-komplekt-4200822/?c=750000000;152184;;;
https://kaspi.kz/shop/p/otex-owm-24rn-belyi-4200256/?c=750000000;314117;;;
https://kaspi.kz/shop/p/almacom-favorite-ach-07af-belyi-101515659/?c=750000000;152184;;;
https://kaspi.kz/shop/p/almacom-ach-07af-belyi-4200761/?c=750000000;152184;;;
https://kaspi.kz/shop/p/almacom-standart-ach-12as-belyi-101516016/?c=750000000;186625;;;
https://kaspi.kz/shop/p/almacom-inverter-diamond-ach-12id-belyi-montazh-installjatsii-101752766/?c=750000000;253054;;;
https://kaspi.kz/shop/p/almacom-inverter-diamond-ach-24id-belyi-101515890/?c=750000000;415388;;;
https://kaspi.kz/shop/p/almacom-ach-12as-belyi-montazhnyi-komplekt-101215580/?c=750000000;186625;;;
https://kaspi.kz/shop/p/adata-premier-pro-micro-sdxc-512gb-100934757/?c=750000000;53490;;;
https://kaspi.kz/shop/p/kitfort-kt-2403-chernyi-2702573/?c=750000000;109121;;;
https://kaspi.kz/shop/p/samsung-evo-plus-mb-mc512ha-ru-512gb-100754112/?c=750000000;60983;;;
https://kaspi.kz/shop/p/almacom-ach-24id-belyi-4201185/?c=750000000;415388;;;
https://kaspi.kz/shop/p/almacom-ach-18g-2017-zolotistyi-4201178/?c=750000000;299620;;;
https://kaspi.kz/shop/p/almacom-regular-ach-07ar-belyi-101515997/?c=750000000;140823;;;
https://kaspi.kz/shop/p/almacom-standart-ach-09as-belyi-101516015/?c=750000000;162341;;;
https://kaspi.kz/shop/p/almacom-ach-09as-belyi-montazhnyi-komplekt-101215543/?c=750000000;162341;;;
https://kaspi.kz/shop/p/almacom-ach-12as-belyi-mednaja-installjatsija-4201138/?c=750000000;186625;;;
https://kaspi.kz/shop/p/almacom-ach-12as-mednaja-installjatsija-4201064/?c=750000000;186625;;;
https://kaspi.kz/shop/p/otex-owm-18rn-belyi-4200257/?c=750000000;229361;;;
https://kaspi.kz/shop/p/almacom-ach-12lc-chernyi-montazhnyi-komplekt-100305587/?c=750000000;208930;;;
https://kaspi.kz/shop/p/gree-36-gu100zd-a1-k-gu100w-a1-m-belyi-4201482/?c=750000000;627451;;;
https://kaspi.kz/shop/p/teplovaja-zavesa-ditreex-rm-1210s2-d-y-100382132/?c=750000000;117172;;;
https://kaspi.kz/shop/p/gree-24-t-fresh-gva24al-k3nnc7a-belyi-100378266/?c=750000000;518825;;;
https://kaspi.kz/shop/p/gree-55-t-fresh-gva55al-m3nnc7a-belyi-100368599/?c=750000000;997270;;;
https://kaspi.kz/shop/p/gree-42-gu125zd-a1-k-gu125w-a1-m-belyi-100368460/?c=750000000;777143;;;
https://kaspi.kz/shop/p/gree-60-gu160zd-a1-k-gu160w-a1-m-belyi-100368332/?c=750000000;869903;;;
https://kaspi.kz/shop/p/gree-48-t-fresh-r410a-gva48al-m3nnc7a-belyi-100339817/?c=750000000;879439;;;
https://kaspi.kz/shop/p/gree-48-t-fresh-r410a-gva48al-m3nnc7a-belyi-100339815/?c=750000000;879439;;;
https://kaspi.kz/shop/p/teplovaja-zavesa-ditreex-rm-1008s-d-y-100272434/?c=750000000;74573;;;
https://kaspi.kz/shop/p/teplovaja-zavesa-ditreex-rm-1215s2-3d-y-100272368/?c=750000000;147245;;;
https://kaspi.kz/shop/p/ditreex-rm-1212s2-3d-y-belyi-100271909/?c=750000000;125945;;;
https://kaspi.kz/shop/p/gree-gvh24ak-k3dnc6a-serebristyi-100149476/?c=750000000;904522;;;
https://kaspi.kz/shop/p/gree-18-bora-gwh18aac-k3nna1a-belyi-4201479/?c=750000000;267468;;;
https://kaspi.kz/shop/p/gree-28-bora-gwh28aae-k3nna1a-belyi-4201464/?c=750000000;409246;;;
https://kaspi.kz/shop/p/gree-24-bora-gwh24aad-k3nna1a-belyi-4201467/?c=750000000;350541;;;
https://kaspi.kz/shop/p/gree-09-soyal-inverter-gwh09akc-k6dna1a-belyi-103584881/?c=750000000;419769;;;
https://kaspi.kz/shop/p/gree-12-pular-gwh12agb-k3nna1a-belyi-100368600/?c=750000000;187885;;;
https://kaspi.kz/shop/p/gree-gu50ps-a1-k-gu50w-a1-k-belyi-100333991/?c=750000000;374433;;;
https://kaspi.kz/shop/p/gree-gu125phs-a1-k-gu125w-a1-m-belyi-100368099/?c=750000000;747624;;;
https://kaspi.kz/shop/p/gree-42-gu125t-a1-k-gu125w-a1-m-belyi-100368502/?c=750000000;812306;;;
https://kaspi.kz/shop/p/gree-07-pular-gwh07aga-k3nna1b-belyi-100368593/?c=750000000;148612;;;
https://kaspi.kz/shop/p/gree-36-gu100phs-a1-k-gu100w-a1-m-belyi-100378248/?c=750000000;626155;;;
https://kaspi.kz/shop/p/gree-24-pular-gwh24agd-k3nna1a-belyi-100394576/?c=750000000;364387;;;
https://kaspi.kz/shop/p/gree-09-pular-gwh09aga-k3nna1a-belyi-100394639/?c=750000000;162242;;;
https://kaspi.kz/shop/p/gree-18-pular-r410a-gwh18agc-k3nna1a-belyi-100394677/?c=750000000;275775;;;
https://kaspi.kz/shop/p/gree-12-bora-gwh12aab-k3nna1a-belyi-100406810/?c=750000000;178857;;;
https://kaspi.kz/shop/p/gree-28-pular-gwh28age-k3nna1a-belyi-100440581/?c=750000000;414230;;;
https://kaspi.kz/shop/p/gree-18-fairy-cold-plasma-gwh18acc-k3nna1-belyi-100914723/?c=750000000;281313;;;
https://kaspi.kz/shop/p/gree-12-soyal-inverter-gwh12akc-k6dna1a-belyi-103584861/?c=750000000;441921;;;
https://kaspi.kz/shop/p/gree-28-bora-gwh28aae-k3nna1a-belyi-101188892/?c=750000000;409246;;;
https://kaspi.kz/shop/p/gree-18-soyal-inverter-gwh18akc-k6dna1a-belyi-103584871/?c=750000000;447460;;;
https://kaspi.kz/shop/p/gree-07-bora-gwh07aaa-k3nna1a-w-o--104253233/?c=750000000;142858;;;
https://kaspi.kz/shop/p/gree-12-bora-gwh12aab-k3nna1a-w-o--104253239/?c=750000000;178857;;;
https://kaspi.kz/shop/p/gree-gree-07-pular-gwh07agaxa-k3nna1a-104285228/?c=750000000;149803;;;
https://kaspi.kz/shop/p/gree-gree-12-pular-gwh12agbxb-k3nna1b-104285237/?c=750000000;187885;;;
https://kaspi.kz/shop/p/gree-07-bora-gwh07aaa-k3nna1a-belyi-4200839/?c=750000000;142858;;;
https://kaspi.kz/shop/p/gree-09-bora-gwh09aaa-k3nna1a-belyi-4200840/?c=750000000;155048;;;
https://kaspi.kz/shop/p/gree-24-bora-r410a-gwh24aad-k3nna1a-belyi-4200870/?c=750000000;350541;;;
https://kaspi.kz/shop/p/gree-07-bora-gwh07aaa-k3nna1a-belyi-4200951/?c=750000000;142858;;;
https://kaspi.kz/shop/p/gree-12-bora-gwh12aab-k3nna1a-belyi-4200978/?c=750000000;178857;;;
https://kaspi.kz/shop/p/gree-24-amber-r410a-gwh24ye-k3nna1a-belyi-4201275/?c=750000000;387005;;;
https://kaspi.kz/shop/p/gree-fairy-gwh18acc-k3nna1a-belyi-4201350/?c=750000000;281313;;;
https://kaspi.kz/shop/p/gree-12-bora-inverter-gwh12aab-k3dna1a-belyi-4201426/?c=750000000;223162;;;
https://kaspi.kz/shop/p/gree-12-fairy-cold-gwh12acb-k3nna1a-belyi-4201427/?c=750000000;181072;;;
https://kaspi.kz/shop/p/gree-09-bora-inverter-gwh09aab-k3dna1a-belyi-4201436/?c=750000000;204721;;;
https://kaspi.kz/shop/p/gree-07-fairy-gwh07aca-k3nna1a-4201441/?c=750000000;145628;;;
https://kaspi.kz/shop/p/gree-24-bora-r410a-gwh24aad-k3dna1a-belyi-4201447/?c=750000000;408692;;;
https://kaspi.kz/shop/p/gree-09-amber-gwh09yb-k3nna1a-belyi-4201460/?c=750000000;196872;;;
https://kaspi.kz/shop/p/gree-18-bora-inverter-gwh18aad-k3dna1e-belyi-4201472/?c=750000000;303466;;;
https://kaspi.kz/shop/p/gree-24-fairy-gwh24acd-k3nna1a-belyi-4201476/?c=750000000;369925;;;
https://kaspi.kz/shop/p/gree-18-amber-gwh18yd-k3nna1a-belyi-4201478/?c=750000000;315312;;;
https://kaspi.kz/shop/p/gree-18-bora-inverter-gwh18aad-k3dna1e-bez-installjatsii-belyi-4201495/?c=750000000;303466;;;
https://kaspi.kz/shop/p/gree-gu140t-a1-k-gu140w-a1-m-belyi-4201548/?c=750000000;868363;;;
https://kaspi.kz/shop/p/gree-gu160t-a1-k-gu160w-a1-m-belyi-4201549/?c=750000000;907130;;;
https://kaspi.kz/shop/p/gree-gu71t-a1-k-gu71w-a1-k-belyi-4201550/?c=750000000;544938;;;
https://kaspi.kz/shop/p/gree-gwhd-18-nk3ko-belyi-4201561/?c=750000000;426536;;;